at25852	0.3376803373282327
at25853	0.452256490079118
at25854	0.40631285449843685
at25855	0.5390960240906797
at25856	0.21114972495486525
at25857	0.35606944248450434
at25858	0.40069398127542233
at25859	0.3971719134926925
at25860	0.45134852875542913
at25861	0.6944821337879192
at25862	0.6297180100501534
at25863	0.18824050167898213
at25864	0.4288244702565309
at25865	0.2282244107450654
at25866	0.17517742934781644
at25867	0.7311171852953414
at25868	0.2663388465520632
at25869	0.6820221403411979
at25870	0.6701587477383082
at25871	0.3783212219948394
at25872	0.4878881105416225
at25873	0.771746723770878
at25874	0.5595493808096915
at25875	0.5900898003508966
at25876	0.6604043084989647
at25877	0.5239440373322678
at25878	0.7098531624445519
at25879	0.6194705305384142
at25880	0.4471881986006517
at25881	0.13963590837723938
at25882	0.7573612727186818
at25883	0.6624341536451539
at25884	0.2520169841091707
at25885	0.6929154927800498
at25886	0.17921299401859805
at25887	0.5958463356643872
at25888	0.15450900647511573
at25889	0.1864609333264625
at25890	0.7770273837313356
at25891	0.3867763794358882
at25892	0.34994229492177537
at25893	0.6049349743409391
at25894	0.31574583026774045
at25895	0.2946135980356078
at25896	0.7776590346068257
at25897	0.6198255958757091
at25898	0.3901227463684363
at25899	0.49253837176729975
at25900	0.47077179078158554
at25901	0.5421744385601682
at25902	0.5016505086747801
at25903	0.3851948372205356
at25904	0.8394382053010854
at25905	0.3524558339510181
at25906	0.34800179455768404
at25907	0.5249928521977653
at25908	0.21332798301201228
at25909	0.2760658549576542
at25910	0.7411877134677582
at25911	0.27936426879669757
at25912	0.3129804950364642
at25913	0.16606682267338613
at25914	0.3407882189708603
at25915	0.4864964618405982
at25916	0.435064316283117
at25917	0.4196540745175082
at25918	0.4355223125666842
at25919	0.5719502943445456
at25920	0.5497599327003513
at25921	0.37589028243767203
at25922	0.2848589322140205
at25923	0.22705335402126492
at25924	0.6007506122819307
at25925	0.4889169194878416
at25926	0.7198501943594499
at25927	0.46257810923135523
at25928	0.38647579892029754
at25929	0.4566864138473863
at25930	0.6108030947343439
at25931	0.7055496097718361
at25932	0.6064728024565798
at25933	0.2644124871211073
at25934	0.37949277362111067
at25935	0.2346081295140793
at25936	0.5295380412565305
at25937	0.4047588364051394
at25938	0.6658097321336786
at25939	0.24806208603627775
at25940	0.7162784042973673
at25941	0.5527405741886118
at25942	0.7309147394390931
at25943	0.2669686646959497
at25944	0.256390132606696
at25945	0.31092503196637733
at25946	0.4597004277488072
at25947	0.2996575484723357
at25948	0.7208688382058691
at25949	0.37299015794920737
at25950	0.39181397150630204
at25951	0.35251673499962977
at25952	0.7165106974889345
at25953	0.5949380482168893
at25954	0.41348086322555044
at25955	0.4692372024651851
at25956	0.24853025783774627
at25957	0.29460612970135636
at25958	0.3053182238964654
at25959	0.1643388227398324
at25960	0.5403657109088897
at25961	0.30318966148284043
at25962	0.5529468803778962
at25963	0.7797413692412616
at25964	0.1989385498982769
at25965	0.33075274440260616
at25966	0.5369980488270314
at25967	0.7436552743780894
at25968	0.30059730352415215
at25969	0.7836523662108678
at25970	0.5806491173804397
at25971	0.6361343938293587
at25972	0.8034745399879513
at25973	0.7732752773464331
at25974	0.29937563652535687
at25975	0.6711992021325793
at25976	0.5421718307535083
at25977	0.18467500050293756
at25978	0.5766452703167098
at25979	0.44110164019996245
at25980	0.34646606907824795
at25981	0.14228398213755972
at25982	0.6222637298383241
at25983	0.5396463019975265
at25984	0.6266054900153925
at25985	0.5294321594202955
at25986	0.4160824320737325
at25987	0.6571917835321223
at25988	0.7375676054314955
at25989	0.8158008497388305
at25990	0.4076418597127905
at25991	0.20375756819581525
at25992	0.3372529928047762
at25993	0.26116808834449573
at25994	0.20844336810732061
at25995	0.7820946711531056
at25996	0.4371796781899228
at25997	0.6981205005711736
at25998	0.7356418588826066
at25999	0.5475744656261952
at26000	0.36091696386941674
at26001	0.6562445926640789
at26002	0.3360690096677554
at26003	0.41351268169855093
at26004	0.3061973674175838
at26005	0.20751713152438087
at26006	0.45395720011681484
at26007	0.6333859147599998
at26008	0.5473902452581273
at26009	0.3313548466300598
at26010	0.5538046963541124
at26011	0.1681252155281966
at26012	0.4378498922409698
at26013	0.3975485621770072
at26014	0.43196320609408284
at26015	0.31776934820748953
at26016	0.4304613313021866
at26017	0.4367676632326332
at26018	0.4514462766898567
at26019	0.3522589490176459
at26020	0.2270688420680346
at26021	0.5659399873403164
at26022	0.44048583511571915
at26023	0.7905368429332293
at26024	0.666776996114835
at26025	0.576200746685532
at26026	0.8673736386836356
at26027	0.7782881057119666
at26028	0.3260440041623257
at26029	0.2967614928197224
at26030	0.3499928877621777
at26031	0.4035508349805629
at26032	0.22779320723864072
at26033	0.5320658737478021
at26034	0.8628341147437212
at26035	0.3834367648930785
at26036	0.36377834546321186
at26037	0.5112584499317627
at26038	0.18422463571147374
at26039	0.6156236210756868
at26040	0.16943929252081286
at26041	0.7599435534023965
at26042	0.48124517370432845
at26043	0.4378349131396298
at26044	0.3586825322661341
at26045	0.18152520374369002
at26046	0.49596522928557496
at26047	0.164342342775213
at26048	0.4252506779897118
at26049	0.4008396709396554
at26050	0.33310899918085723
at26051	0.27082596579489526
at26052	0.46362510955040587
at26053	0.23313449679185938
at26054	0.1579776154790065
at26055	0.6151008316752682
at26056	0.523124351586269
at26057	0.45906830084371875
at26058	0.3325319136647375
at26059	0.48082147973952005
at26060	0.20418540469559554
at26061	0.08153781408822472
at26062	0.16268384599215865
at26063	0.3162662595389236
at26064	0.4449209223411408
at26065	0.5921408698174221
at26066	0.36253419029411293
at26067	0.43900651043566397
at26068	0.27541683277891543
at26069	0.3584034867955809
at26070	0.3237288679756376
at26071	0.34364165169312905
at26072	0.6428016122560418
at26073	0.3643752658149926
at26074	0.5216103974670858
at26075	0.4158044608200155
at26076	0.5556134558856757
at26077	0.6161402798649082
at26078	0.6670773447827067
at26079	0.6678017105490791
at26080	0.3251952270634035
at26081	0.519370118374802
at26082	0.48777922330465306
at26083	0.5551137164224468
at26084	0.35748170985166905
at26085	0.2272731005397905
at26086	0.709130135252858
at26087	0.4224285502350018
at26088	0.47069753530354097
at26089	0.5369439186568897
at26090	0.13965735309083696
at26091	0.41464678120397863
at26092	0.496639526755244
at26093	0.17422001167058188
at26094	0.6586280294554102
at26095	0.28216182987562843
at26096	0.8033036229972838
at26097	0.13776067394933061
at26098	0.2643523817635618
at26099	0.46196988658038884
at26100	0.5008665128084662
at26101	0.229707635425867
at26102	0.43566087263594594
at26103	0.11780649274717381
at26104	0.4971249182703266
at26105	0.5815723307953918
at26106	0.2783229475284933
at26107	0.6448807002069591
at26108	0.4699194073811567
at26109	0.11916688342922648
at26110	0.38482987823354
at26111	0.3698227103608104
at26112	0.3144544005656985
at26113	0.5493012409328947
at26114	0.47434820271322087
at26115	0.7504011214862041
at26116	0.4745591090821689
at26117	0.2729010011380084
at26118	0.5430737307221982
at26119	0.6720211833276515
at26120	0.5689005027228285
at26121	0.43388715632660485
at26122	0.3670304319493113
at26123	0.48492248485141903
at26124	0.39346772596364443
at26125	0.3371382566621844
at26126	0.6529045246611868
at26127	0.5401482115456757
at26128	0.3564638887989535
at26129	0.5363631862826267
at26130	0.12842010385398395
at26131	0.10409545867097439
at26132	0.3146770661740786
at26133	0.4686074471530841
at26134	0.734885188925675
at26135	0.6617693732432322
at26136	0.26119601755917227
at26137	0.21556295262142708
at26138	0.29989482865943007
at26139	0.5738488751004042
at26140	0.1733285130715903
at26141	0.4451405150992773
at26142	0.25305502991821716
at26143	0.4386938634852272
at26144	0.47189349714009715
at26145	0.20449628408313486
at26146	0.383668511068034
at26147	0.3392517877330176
at26148	0.24213676677078327
at26149	0.611334710284654
at26150	0.6541935639425001
at26151	0.4150184049074324
at26152	0.4415107609809165
at26153	0.4943460146790335
at26154	0.3779432671853405
at26155	0.6838833336244541
at26156	0.49151283974432525
at26157	0.4476377766639317
at26158	0.3422241665531383
at26159	0.15637178981474356
at26160	0.7165702394282814
at26161	0.6401444921575962
at26162	0.2838364378351169
at26163	0.214478142181696
at26164	0.5718859855415586
at26165	0.5803994221175528
at26166	0.2796523669992114
at26167	0.5849538079044306
at26168	0.6810495517742605
at26169	0.5248993723719652
at26170	0.2723800889859807
at26171	0.2877187338859388
at26172	0.8087628661839006
at26173	0.7350112817889182
at26174	0.5460345703129645
at26175	0.17526052272142773
at26176	0.11801597948817252
at26177	0.6328175343465358
at26178	0.23990897638192948
at26179	0.4318651572414049
at26180	0.7589748925587717
at26181	0.12741160286821718
at26182	0.5271755872206846
at26183	0.34636509571248253
at26184	0.38351938358599336
at26185	0.5512840845321677
at26186	0.7246688754382629
at26187	0.3304525476170227
at26188	0.3315952252700434
at26189	0.4528607952514756
at26190	0.6316832757197821
at26191	0.7181912582200563
at26192	0.5381100800635762
at26193	0.5379834507028227
at26194	0.49824515440493244
at26195	0.27211491693391154
at26196	0.5177605338070828
at26197	0.5815193392655547
at26198	0.21395763942785384
at26199	0.4486801272299138
at26200	0.2553884721583223
at26201	0.5837418321469704
at26202	0.6803085764509865
at26203	0.3019633863855716
at26204	0.38554065275846594
at26205	0.6442719661974298
at26206	0.6419966575246787
at26207	0.7639972316664119
at26208	0.29618969680645657
at26209	0.23843826747691782
at26210	0.5048619521952138
at26211	0.7387936216395756
at26212	0.45129320033157816
at26213	0.14284798169135396
at26214	0.7506718833825399
at26215	0.30910083466415345
at26216	0.3260565380663775
at26217	0.5839162765730609
at26218	0.7205645097618324
at26219	0.7335223444443122
at26220	0.4993998469911092
at26221	0.4433352367796495
at26222	0.3323583378717681
at26223	0.44483938740102796
at26224	0.6368843093557753
at26225	0.6139205731039725
at26226	0.33352352896421356
at26227	0.6846405161726106
at26228	0.2525964679649319
at26229	0.08163736094578757
at26230	0.7122156031546759
at26231	0.669579834685934
at26232	0.48576093113350005
at26233	0.3911157456526177
at26234	0.3001422329171022
at26235	0.4914507140457341
at26236	0.16254116497743756
at26237	0.40339227789460863
at26238	0.39312488866871387
at26239	0.3215663802834147
at26240	0.2303486505879584
at26241	0.3467433853157309
at26242	0.4320138952706746
at26243	0.32240809249839286
at26244	0.4617205493841855
at26245	0.437153243150534
at26246	0.3711729926610816
at26247	0.7099977920953513
at26248	0.19203560035568754
at26249	0.46647073536005496
at26250	0.4477653472596151
at26251	0.6694592710627046
at26252	0.33625312157303167
at26253	0.4658300258020768
at26254	0.5539364337271969
at26255	0.808396150763104
at26256	0.7191563943642151
at26257	0.6746062116326453
at26258	0.5714476536729465
at26259	0.7388184238242341
at26260	0.552995274830801
at26261	0.2536935528160849
at26262	0.687552159222963
at26263	0.7488327455958094
at26264	0.19984347101773953
at26265	0.6350985340781529
at26266	0.45164051015808765
at26267	0.2420937722221322
at26268	0.4815451153257117
at26269	0.3576147477329424
at26270	0.4193968023495197
at26271	0.5408228212432938
at26272	0.8196051980992068
at26273	0.474732959048402
at26274	0.515399621876766
at26275	0.5392677292587162
at26276	0.4284765391364248
at26277	0.7219210399345296
at26278	0.4935720134081851
at26279	0.2941492004281268
at26280	0.3206227879289053
at26281	0.27101932800497625
at26282	0.4034971479177653
at26283	0.5472926729454957
at26284	0.2565857678147197
at26285	0.5442716856261236
at26286	0.6802226590544872
at26287	0.2896082602696618
at26288	0.5183209979691338
at26289	0.5113196207276649
at26290	0.617647415284075
at26291	0.38694597556421856
at26292	0.7358987057950869
at26293	0.5142925565957921
at26294	0.2928649530140878
at26295	0.19169262658043004
at26296	0.67746379273333
at26297	0.21402688774684717
at26298	0.5940042774853586
at26299	0.7686626853872224
at26300	0.6512254346638435
at26301	0.26782477236136165
at26302	0.4215219389376951
at26303	0.3217320313621084
at26304	0.45724685053893105
at26305	0.1772211580955855
at26306	0.3856632752831553
at26307	0.35942881254234293
at26308	0.6580064811824765
at26309	0.1289460306338011
at26310	0.18408998298813528
at26311	0.8377319175945069
at26312	0.42899104725066745
at26313	0.4005879310780641
at26314	0.26411334165411443
at26315	0.5452189952990513
at26316	0.5401063801753081
at26317	0.5877390822509979
at26318	0.6604592501439736
at26319	0.266813328401212
at26320	0.53977881129724
at26321	0.24552437338470165
at26322	0.25541292560142215
at26323	0.3048240864941632
at26324	0.44627742961343825
at26325	0.125258645316334
at26326	0.18564645427517387
at26327	0.36732222325204417
at26328	0.5897048269785664
at26329	0.5387537511437395
at26330	0.702641440392412
at26331	0.5914773636178329
at26332	0.23602369407355694
at26333	0.6386867035377056
at26334	0.8056037100527056
at26335	0.7552319247783036
at26336	0.23967865849110292
at26337	0.5368999330093388
at26338	0.3690321815906683
at26339	0.546335133988566
at26340	0.5028277982995479
at26341	0.23049344432939758
at26342	0.26745018579586766
at26343	0.5389161542115497
at26344	0.38564755626971214
at26345	0.6596059313404279
at26346	0.4988831953118376
at26347	0.5271922595023638
at26348	0.26783779652707945
at26349	0.43283410164880715
at26350	0.5001625788062096
at26351	0.6914788581134081
at26352	0.32199792852013326
at26353	0.8791495669786045
at26354	0.22276887705888287
at26355	0.22173660171853646
at26356	0.2417529675527211
at26357	0.5687425655586401
at26358	0.762826879983777
at26359	0.5060523827642845
at26360	0.24425818045753567
at26361	0.26153605079456044
at26362	0.4518671716208955
at26363	0.4405197691715292
at26364	0.33385391028686134
at26365	0.5248295783000472
at26366	0.4463419890466713
at26367	0.16185004114849424
at26368	0.2538936459217509
at26369	0.4086833774226809
at26370	0.48275366093783895
at26371	0.3167303056421882
at26372	0.5328894279070575
at26373	0.5198069470250852
at26374	0.871456667974435
at26375	0.1878097224898536
at26376	0.4312302684438338
at26377	0.38973275906962423
at26378	0.42104488665290346
at26379	0.19067153755879226
at26380	0.32397582970312383
at26381	0.3104354248645727
at26382	0.539613791111438
at26383	0.3154315694744832
at26384	0.677873871722135
at26385	0.7360173411784883
at26386	0.6572969102954757
at26387	0.25433374267969555
at26388	0.1982854861074238
at26389	0.6485363397404705
at26390	0.33208912800124346
at26391	0.6200051454528425
at26392	0.35156761319413093
at26393	0.4432602489976099
at26394	0.5171974858238368
at26395	0.740815656789001
at26396	0.8144004239115272
at26397	0.6074971610072897
at26398	0.3606433354702535
at26399	0.39393782374198294
at26400	0.2734614135490587
at26401	0.2681630394096796
at26402	0.32099872330417895
at26403	0.45213351804175805
at26404	0.3888814902135782
at26405	0.5184469488749819
at26406	0.30875119961190406
at26407	0.46740966824992297
at26408	0.3556232991859323
at26409	0.33871049703901723
at26410	0.5193151290414778
at26411	0.5139399670528183
at26412	0.45497514242471215
at26413	0.47442346431638854
at26414	0.5765508496713556
at26415	0.30650231096704705
at26416	0.39276420230768155
at26417	0.29721740201606583
at26418	0.4916020848750592
at26419	0.4624054231896529
at26420	0.5356838799544298
at26421	0.6125434787127755
at26422	0.3395856622353818
at26423	0.6391576587991186
at26424	0.19442789715968697
at26425	0.6102351466291139
at26426	0.14015902984490522
at26427	0.23258131607926105
at26428	0.21076992255221186
at26429	0.45332999422103204
at26430	0.2887349776037459
at26431	0.2834420163163307
at26432	0.6531662210545088
at26433	0.5822865715602606
at26434	0.7004612407977437
at26435	0.3543756161535076
at26436	0.47122856813158853
at26437	0.273709207680269
at26438	0.2555031116356832
at26439	0.3171509130166653
at26440	0.5785996195405683
at26441	0.39812564954563995
at26442	0.5809467225913105
at26443	0.3258175220289556
at26444	0.17781305441802145
at26445	0.2663305361505544
at26446	0.2908975395458382
at26447	0.16529133475490596
at26448	0.3025299110809576
at26449	0.4395281169089227
at26450	0.4871071632473354
at26451	0.3913151447230152
at26452	0.3334821165607758
at26453	0.610826717645017
at26454	0.7457998156989242
at26455	0.6112222758708228
at26456	0.5450311854555712
at26457	0.847023089498787
at26458	0.5995131042248344
at26459	0.30572402639573537
at26460	0.45600032138430685
at26461	0.5890657406405249
at26462	0.23057841589047268
at26463	0.482447292239356
at26464	0.5019298339847723
at26465	0.2615963867712076
at26466	0.3995105806752377
at26467	0.541782346611439
at26468	0.40905378801415243
at26469	0.5278855904495902
at26470	0.3827250281834732
at26471	0.4311656295742468
at26472	0.36152822634810133
at26473	0.31760542013557563
at26474	0.22481454210922797
at26475	0.4190667883846545
at26476	0.20151855760211085
at26477	0.3612647909859813
at26478	0.4386439539393218
at26479	0.7397375912661206
at26480	0.622648601460808
at26481	0.6456086002286978
at26482	0.6085922308898287
at26483	0.5154609661544404
at26484	0.574364679714604
at26485	0.6887523600747811
at26486	0.4950453379317609
at26487	0.7356892193921707
at26488	0.7393235766703643
at26489	0.4088012128967707
at26490	0.33347516386164566
at26491	0.3371700408318596
at26492	0.35349752473715806
at26493	0.5308167482903788
at26494	0.4397562411406513
at26495	0.5568417570622366
at26496	0.1430869191000068
at26497	0.4833373648642911
at26498	0.7032018385013618
at26499	0.3601227459640219
at26500	0.4848889654079571
at26501	0.5705866215876068
at26502	0.23230074565325623
at26503	0.2010549969022914
at26504	0.2750092781765686
at26505	0.295969387890092
at26506	0.703184001597729
at26507	0.5498881210367381
at26508	0.7511873282810713
at26509	0.7354041593629487
at26510	0.6819642738966626
at26511	0.4067500618043563
at26512	0.2685704588587855
at26513	0.15963167710788848
at26514	0.30446540655596555
at26515	0.5955745932227583
at26516	0.4116642952958817
at26517	0.6648594103221791
at26518	0.49011085214763667
at26519	0.5376674976009431
at26520	0.6266793898056904
at26521	0.27854504724121065
at26522	0.7508818280002639
at26523	0.5438259534454511
at26524	0.32186983478078657
at26525	0.6171107781930247
at26526	0.1982181910235472
at26527	0.2653015457707642
at26528	0.34439226820332375
at26529	0.7183315429251846
at26530	0.21506416002880197
at26531	0.3930063332835333
at26532	0.48441099165694906
at26533	0.4457197813901409
at26534	0.7058583290291827
at26535	0.7246549987320642
at26536	0.42616239403725037
at26537	0.17932885695910172
at26538	0.439659659992349
at26539	0.5121805782292297
at26540	0.36064044756966207
at26541	0.5761835451596454
at26542	0.6760285445890395
at26543	0.5436916158331646
at26544	0.3150735115312763
at26545	0.6341085797717804
at26546	0.3116165064841879
at26547	0.4957563132677021
at26548	0.3569896283021679
at26549	0.3555852148208591
at26550	0.6183208873216861
at26551	0.5135802367389809
at26552	0.4243152944021346
at26553	0.2747254836770879
at26554	0.708831746657185
at26555	0.6104278810941864
at26556	0.41989972812651855
at26557	0.1337953358142205
at26558	0.6003710915252609
at26559	0.5052113929645403
at26560	0.4572492457078842
at26561	0.21307368473895513
at26562	0.37433884445555976
at26563	0.31619488891191405
at26564	0.47272899523024897
at26565	0.24022432622888287
at26566	0.20839970203451644
at26567	0.2570550241804738
at26568	0.8341095831859003
at26569	0.6089362233894896
at26570	0.6150885287246223
at26571	0.5734371567731018
at26572	0.3750351803049036
at26573	0.4525727907752913
at26574	0.7631214731646042
at26575	0.4724724433225986
at26576	0.358780326397285
at26577	0.3072072090247887
at26578	0.34059715167325916
at26579	0.4436227064983185
at26580	0.5130473273154217
at26581	0.7734887337899783
at26582	0.6710119094655995
at26583	0.6814376476728178
at26584	0.35510044296760496
at26585	0.17425525841758252
at26586	0.6880914843102668
at26587	0.3535084248650209
at26588	0.5168488011192107
at26589	0.5980430742779851
at26590	0.3738746175287145
at26591	0.36211955434531007
at26592	0.6353284290209179
at26593	0.5209132010551549
at26594	0.6159170373247547
at26595	0.736188359592213
at26596	0.6772538731573677
at26597	0.5723759991819366
at26598	0.6471956416289301
at26599	0.29594103014576223
at26600	0.7866312604203152
at26601	0.7144505084909692
at26602	0.5678128597902657
at26603	0.08633500547523816
at26604	0.594675211349559
at26605	0.45210201231464336
at26606	0.5676599386754224
at26607	0.5654290309197287
at26608	0.7597366648972881
at26609	0.24783774447470924
at26610	0.288895760791202
at26611	0.3362873753387121
at26612	0.7109387586675362
at26613	0.45382754452678914
at26614	0.29448339350348673
at26615	0.4668467732654722
at26616	0.3237489629089341
at26617	0.291851316443361
at26618	0.5653958118753738
at26619	0.694844031181569
at26620	0.5376175718586035
at26621	0.4300320360294606
at26622	0.4857174471918807
at26623	0.4038250517941327
at26624	0.7085924078601676
at26625	0.7980915655584262
at26626	0.37352083883558845
at26627	0.622810159470712
at26628	0.3630462208617704
at26629	0.42795609972119547
at26630	0.7053936747816467
at26631	0.3912582168852103
at26632	0.6205992564357662
at26633	0.44756626483687567
at26634	0.4102521469185209
at26635	0.17137431960737148
at26636	0.3070170172199513
at26637	0.56093947826559
at26638	0.6623122116388113
at26639	0.3554318265567637
at26640	0.5834962539909657
at26641	0.4075258639226058
at26642	0.6742515696183115
at26643	0.4533051916434534
at26644	0.1741670629730688
at26645	0.6281003177967445
at26646	0.18653791796978011
at26647	0.4271312578731921
at26648	0.85946954873766
at26649	0.15119159623749046
at26650	0.2937189214748224
at26651	0.654427382570958
at26652	0.5274338174390735
at26653	0.17324424656053636
at26654	0.31325989587772496
at26655	0.2938858767976653
at26656	0.6122622320655904
at26657	0.18619496575520753
at26658	0.3423100854189815
at26659	0.34482701399687576
at26660	0.13419653941127233
at26661	0.5962903322705472
at26662	0.3820548314596946
at26663	0.698141145320162
at26664	0.5396700806552337
at26665	0.358410656994455
at26666	0.5931972295766696
at26667	0.3301243542102065
at26668	0.39490942936593165
at26669	0.6727600425226431
at26670	0.5619393514862824
at26671	0.2882544279449535
at26672	0.49060688585682266
at26673	0.36371565471899225
at26674	0.255014886117183
at26675	0.5073383434016155
at26676	0.5023134166936752
at26677	0.31644309461849945
at26678	0.7150370475487258
at26679	0.7486215670945223
at26680	0.23822054901552955
at26681	0.4594457959445149
at26682	0.48102720357897416
at26683	0.7161586182323819
at26684	0.17240110195152233
at26685	0.3044131095155171
at26686	0.3222105598687221
at26687	0.39122322136712423
at26688	0.4676464048337693
at26689	0.5482753249435951
at26690	0.2710439212141744
at26691	0.5890163041010128
at26692	0.46925814613263156
at26693	0.22723575835148455
at26694	0.6834669251951363
at26695	0.272658779893714
at26696	0.6393385157298285
at26697	0.27332344765523164
at26698	0.5023144628130732
at26699	0.6192651432434947
at26700	0.30509511933185485
at26701	0.5927698598719088
at26702	0.5982872433199143
at26703	0.3734649451860065
at26704	0.5353359726349946
at26705	0.4193169569780022
at26706	0.6351651506142107
at26707	0.34843058814108535
at26708	0.6852786651252274
at26709	0.6239703525725564
at26710	0.40978468925151135
at26711	0.5721475300010858
at26712	0.5597098938306027
at26713	0.38276172744997944
at26714	0.37951516870268087
at26715	0.6621308677842749
at26716	0.32338741747971855
at26717	0.48965163411583895
at26718	0.5941647017930267
at26719	0.1046640425656568
at26720	0.5403383445732164
at26721	0.386812760702284
at26722	0.2623471651287329
at26723	0.4198299668646546
at26724	0.5491107619113222
at26725	0.6228190486834132
at26726	0.47163464187140125
at26727	0.6700740345144857
at26728	0.5729065350755728
at26729	0.33012291277812283
at26730	0.5470809053537261
at26731	0.4784015268226774
at26732	0.7000943478459974
at26733	0.3981984002144747
at26734	0.511056166845131
at26735	0.5741147614792722
at26736	0.2049260300064736
at26737	0.13945807994743945
at26738	0.4368759174933903
at26739	0.30341663600758845
at26740	0.6011889898123618
at26741	0.33446350397965413
at26742	0.49797318046292544
at26743	0.5316629886531821
at26744	0.5971140377243002
at26745	0.40154104366309806
at26746	0.6623975948402916
at26747	0.6999291235555386
at26748	0.48047090458963154
at26749	0.2828629637131561
at26750	0.6922383407588238
at26751	0.27139307797008133
at26752	0.44114598243747183
at26753	0.5679679872319164
at26754	0.5431090329962311
at26755	0.8234658314696137
at26756	0.35012263188638837
at26757	0.8406827830581418
at26758	0.22964743742129987
at26759	0.6743618228454463
at26760	0.3428900045488345
at26761	0.47446716971972785
at26762	0.548017594870762
at26763	0.6145033482565209
at26764	0.5362004928989009
at26765	0.4784526855911145
at26766	0.41917910548124343
at26767	0.38491304203341775
at26768	0.3988610001194253
at26769	0.43892876996597063
at26770	0.2345172022868092
at26771	0.41330439237612054
at26772	0.37246184940663063
at26773	0.380322015236729
at26774	0.4565549191668695
at26775	0.6600558398245286
at26776	0.32034292731985853
at26777	0.43447980725517366
at26778	0.23169808360182276
at26779	0.6967623949963955
at26780	0.43096061210026587
at26781	0.3501993279503316
at26782	0.3042143924698798
at26783	0.5490132303506489
at26784	0.5916268681366804
at26785	0.335889741710862
at26786	0.44609463048622816
at26787	0.5498035917300422
at26788	0.6662273171999219
at26789	0.07714643973575651
at26790	0.5802481962296799
at26791	0.44467993564002134
at26792	0.5820072405902906
at26793	0.27688226872163346
at26794	0.39677581765574343
at26795	0.153852176084159
at26796	0.2349592809638445
at26797	0.5387938416517428
at26798	0.7538418401568503
at26799	0.6312607427372141
at26800	0.3180469483389044
at26801	0.7439574313142001
at26802	0.8155219162244116
at26803	0.1697802260473747
at26804	0.20633833878834018
at26805	0.5587002803835959
at26806	0.5690946405589258
at26807	0.3788234484532427
at26808	0.7888845075695705
at26809	0.3331552903290716
at26810	0.2668716665783747
at26811	0.7352003898964241
at26812	0.2319771001398481
at26813	0.2160967302631789
at26814	0.41488129667342494
at26815	0.16700949066336318
at26816	0.48898226452777654
at26817	0.5519600645139915
at26818	0.5805851177019892
at26819	0.3645280826683975
at26820	0.6294244094811868
at26821	0.3931770042389911
at26822	0.507483409670077
at26823	0.7613781008231414
at26824	0.2263907458775757
at26825	0.3331942080839926
at26826	0.347907477364117
at26827	0.08510775343934318
at26828	0.4065787296514274
at26829	0.3320604388585298
at26830	0.6513600922085674
at26831	0.5965540115557437
at26832	0.4775678573436789
at26833	0.46597976098988353
at26834	0.5193501209721435
at26835	0.7537292676034919
at26836	0.5351452167640557
at26837	0.24093073999648085
at26838	0.6859073760610227
at26839	0.2552063288702447
at26840	0.2427725000861351
at26841	0.4806939507470482
at26842	0.6802702758418468
at26843	0.4024636596509542
at26844	0.33716456888771285
at26845	0.15393222253221492
at26846	0.6369300383043264
at26847	0.6010855053776066
at26848	0.36038903853701454
at26849	0.3320175597647907
at26850	0.7424159407940705
at26851	0.8982092276673536
at26852	0.34146480197213264
at26853	0.41898242823325826
at26854	0.33184568417435
at26855	0.3488158730165622
at26856	0.23447459925620445
at26857	0.4713322298244993
at26858	0.4610737469180576
at26859	0.4664491880860192
at26860	0.8033689554702627
at26861	0.4964195723600873
at26862	0.6480571395504215
at26863	0.5876936669553576
at26864	0.40110636338799927
at26865	0.24514167071976534
at26866	0.14615937824238684
at26867	0.5708900283643111
at26868	0.47325107962354795
at26869	0.1970270376129068
at26870	0.4217247824228124
at26871	0.06420230219869584
at26872	0.21093381544349216
at26873	0.3922060609076505
at26874	0.5765348827950253
at26875	0.17077212648600368
at26876	0.22769955877873474
at26877	0.4053096183468404
at26878	0.13519540744660635
at26879	0.5408098321706142
at26880	0.7198595639510119
at26881	0.22972320977265567
at26882	0.16284632372960547
at26883	0.3634434661307129
at26884	0.5546331215356809
at26885	0.5049527707465528
at26886	0.4610493963190602
at26887	0.2529736456580536
at26888	0.3971882353306043
at26889	0.24638958249567977
at26890	0.671385130027057
at26891	0.30269723138578375
at26892	0.43010473129881044
at26893	0.3317282380941333
at26894	0.2962676871657196
at26895	0.14220789579995463
at26896	0.7723514379840123
at26897	0.6516749079871739
at26898	0.5726660031577068
at26899	0.514350721156634
at26900	0.31495998729137453
at26901	0.34893464558930487
at26902	0.6034231950772493
at26903	0.2406230275518668
at26904	0.6736986900130981
at26905	0.5737082009245074
at26906	0.4002904820477753
at26907	0.43274109107988074
at26908	0.15501312691074162
at26909	0.10561610961571476
at26910	0.6523114879786083
at26911	0.6947098036724021
at26912	0.6768458725637002
at26913	0.3485170321469377
at26914	0.28469517572733294
at26915	0.314736179938043
at26916	0.6924866038059682
at26917	0.0904275638901906
at26918	0.5164184779608071
at26919	0.7366945162379004
at26920	0.44606699986611054
at26921	0.2771807685150742
at26922	0.45379965819731843
at26923	0.2448411791018994
at26924	0.15105489882023532
at26925	0.4721634700102482
at26926	0.48023666782602614
at26927	0.409919971774015
at26928	0.4337336410522994
at26929	0.20820568883124366
at26930	0.5313260405316954
at26931	0.5331698970017938
at26932	0.3482351430925283
at26933	0.45727970581639504
at26934	0.8020699509176382
at26935	0.4623038972400595
at26936	0.33654381766217567
at26937	0.28149643725232626
at26938	0.15615604863228788
at26939	0.7823458113274944
at26940	0.5648948342708048
at26941	0.433590063742101
at26942	0.4430929684724177
at26943	0.3049485435935495
at26944	0.774645057647269
at26945	0.659922240001009
at26946	0.5852163072042571
at26947	0.6975226190836795
at26948	0.8524192866725407
at26949	0.7618580669355751
at26950	0.40727620235245077
at26951	0.2461194229607285
at26952	0.46798030574363536
at26953	0.43285993843967335
at26954	0.3615082387641511
at26955	0.3940335965763238
at26956	0.22000236859919906
at26957	0.6821007867556199
at26958	0.3320098123175985
at26959	0.30872694273493817
at26960	0.36059975337890326
at26961	0.29451599125503153
at26962	0.42494024846342326
at26963	0.6818531132570924
at26964	0.459704213688477
at26965	0.16458902411950996
at26966	0.11937517335130564
at26967	0.4582908236883387
at26968	0.5143347849907897
at26969	0.48677843044847685
at26970	0.5765476272364572
at26971	0.7846111789598338
at26972	0.6092928135859564
at26973	0.7611703199404816
at26974	0.6058453814325468
at26975	0.30741151800005045
at26976	0.48867789686546503
at26977	0.32623133759560957
at26978	0.24040241295675324
at26979	0.6592187694609357
at26980	0.3282579443013812
at26981	0.19217502677451825
at26982	0.82423698847499
at26983	0.6148432036626886
at26984	0.34495443757858646
at26985	0.2274653835729925
at26986	0.614881664770273
at26987	0.238817954520235
at26988	0.2871579632756974
at26989	0.5377486693692886
at26990	0.2714359908371821
at26991	0.58379962769077
at26992	0.34316114811101717
at26993	0.46660399904798455
at26994	0.5753096677325814
at26995	0.21759856720528709
at26996	0.6651708361976297
at26997	0.5638808917821235
at26998	0.22790956552953762
at26999	0.3923090766054681
at27000	0.41859366714355595
at27001	0.569005758479644
at27002	0.4994253613499346
at27003	0.4612207160072909
at27004	0.6639882195260993
at27005	0.5472797128982009
at27006	0.7730634082885004
at27007	0.1339631051521099
at27008	0.21619884519242552
at27009	0.5600634887436126
at27010	0.38531933662048534
at27011	0.46107995716578176
at27012	0.2830259772446236
at27013	0.17649188292384893
at27014	0.3488359098451023
at27015	0.4008822962948446
at27016	0.5194327328535926
at27017	0.7441777006292576
at27018	0.14130171465515032
at27019	0.6359642628917378
at27020	0.6863696781975868
at27021	0.79153610818701
at27022	0.5318319373461058
at27023	0.3352304586527499
at27024	0.518926042672808
at27025	0.37306438944304193
at27026	0.4777394024953671
at27027	0.34609168437957705
at27028	0.3230318087420719
at27029	0.605311044390076
at27030	0.6098731972710957
at27031	0.331574528942674
at27032	0.27006154003507477
at27033	0.33999228408146487
at27034	0.39787996464136166
at27035	0.5466161006309539
at27036	0.5982934576943026
at27037	0.5328130992811367
at27038	0.13136566034385708
at27039	0.0863833788587692
at27040	0.5908202071226816
at27041	0.4163173297672798
at27042	0.6440529779093799
at27043	0.4269887610017107
at27044	0.2559533423681737
at27045	0.4228941618979634
at27046	0.1985829782960815
at27047	0.5359650685419421
at27048	0.39511890451495557
at27049	0.6418360750700376
at27050	0.6078730236972124
at27051	0.675217056706429
at27052	0.6049581342108539
at27053	0.5902672943759254
at27054	0.6967759766194859
at27055	0.3579097020788953
at27056	0.23563775983815569
at27057	0.5879440486043513
at27058	0.33049878107011366
at27059	0.2986898471475964
at27060	0.4913375737986587
at27061	0.44324508400701096
at27062	0.6027366485275997
at27063	0.7420974835111862
at27064	0.33332880071512155
at27065	0.46671992675633694
at27066	0.5205195238721435
at27067	0.491741848585621
at27068	0.628464519586037
at27069	0.5856548805628647
at27070	0.49001613251941584
at27071	0.39194193972538605
at27072	0.5358692922927343
at27073	0.519093465429169
at27074	0.06793147369309574
at27075	0.37923692106415924
at27076	0.2788049113959405
at27077	0.548008599747923
at27078	0.6780410380620655
at27079	0.4531482225992405
at27080	0.417570569948365
at27081	0.44298759099507473
at27082	0.6631422842683479
at27083	0.668930550624281
at27084	0.32479183278593865
at27085	0.40770150306817765
at27086	0.3423792164582857
at27087	0.7407730119873028
at27088	0.5937226240796183
at27089	0.44593690249522
at27090	0.34681312612669307
at27091	0.3881502740170247
at27092	0.32420014730179114
at27093	0.7707242151530438
at27094	0.5879271291429549
at27095	0.40603692787305207
at27096	0.07540436765213014
at27097	0.5773865328395591
at27098	0.42255935482903384
at27099	0.546146104285456
at27100	0.6321406756900282
at27101	0.6002681571616021
at27102	0.37125940894370557
at27103	0.2996308903641446
at27104	0.2018744743638523
at27105	0.3402532253653582
at27106	0.6840386306905916
at27107	0.2667392449287809
at27108	0.55747217793401
at27109	0.564976772310941
at27110	0.5330311552577016
at27111	0.353377625167714
at27112	0.6007218817282037
at27113	0.2760244923029947
at27114	0.42908537130983093
at27115	0.5354963445663958
at27116	0.26115407399617335
at27117	0.4455771130284712
at27118	0.37536421743163806
at27119	0.366197859676359
at27120	0.6353111472282664
at27121	0.5445825289911606
at27122	0.44335094455258284
at27123	0.22604935584755995
at27124	0.6815504355825764
at27125	0.5396644142236575
at27126	0.3417466013330619
at27127	0.48488595653574573
at27128	0.3084788016605418
at27129	0.5852616157339552
at27130	0.7137903740752674
at27131	0.5365205442797082
at27132	0.2978045956422578
at27133	0.5715419818485343
at27134	0.40535822157721463
at27135	0.5882709247457751
at27136	0.12320449626026077
at27137	0.2717328394708801
at27138	0.6250469574925245
at27139	0.20418714227793505
at27140	0.404815570210817
at27141	0.2624000432939968
at27142	0.292175679769436
at27143	0.23262400940954434
at27144	0.20485690854621874
at27145	0.3031407277393893
at27146	0.1417679976977607
at27147	0.733419122145599
at27148	0.5669469231647937
at27149	0.11976794907936268
at27150	0.565268776001423
at27151	0.517709499926258
at27152	0.4471528570211412
at27153	0.6308276591211185
at27154	0.7338224146742641
at27155	0.225805039033107
at27156	0.3426267484685801
at27157	0.5557878856093279
at27158	0.5746853114193267
at27159	0.19604753996928656
at27160	0.4058523737511816
at27161	0.36104084966529393
at27162	0.5184638126012177
at27163	0.3416356435559471
at27164	0.6095109305666668
at27165	0.7471406673973153
at27166	0.3567521988390472
at27167	0.45219163200498247
at27168	0.7004434378088019
at27169	0.5044386812055716
at27170	0.6980821604450876
at27171	0.4027441101158135
at27172	0.4949036661654018
at27173	0.6679532988254412
at27174	0.4547249198550711
at27175	0.5430047082063829
at27176	0.4281615875105408
at27177	0.4959565176961979
at27178	0.4595912377655641
at27179	0.7490032890088262
at27180	0.5931684954953437
at27181	0.7525960266389857
at27182	0.7648094351462935
at27183	0.10551051892512071
at27184	0.61547260518681
at27185	0.23966024033367672
at27186	0.37577860916769773
at27187	0.7080105554512798
at27188	0.535733215886863
at27189	0.21525995719003277
at27190	0.23001244900294315
at27191	0.383552516401351
at27192	0.46831891513919466
at27193	0.5062720487473004
at27194	0.6747263364946767
at27195	0.5105121081939142
at27196	0.6212456352760525
at27197	0.716780177588506
at27198	0.2792843848762264
at27199	0.3904701399358883
at27200	0.3576185418622168
at27201	0.24183304146342718
at27202	0.7252136977663007
at27203	0.512633626212653
at27204	0.22656912963455644
at27205	0.35165215356884466
at27206	0.2554323308876601
at27207	0.49582968405440603
at27208	0.12118975019426455
at27209	0.10009173217262386
at27210	0.4246937440645968
at27211	0.3752954694461417
at27212	0.579890008473204
at27213	0.4411561253321618
at27214	0.4381218711423813
at27215	0.3384696393750174
at27216	0.558098062485004
at27217	0.44833768807841384
at27218	0.18532419251568524
at27219	0.2231517018539876
at27220	0.3411969219990403
at27221	0.4160753076072876
at27222	0.4071705779540531
at27223	0.2974242896980017
at27224	0.5569762688490407
at27225	0.4856038386052943
at27226	0.48811209904024583
at27227	0.4529003369918915
at27228	0.2582182909950442
at27229	0.3379769195092399
at27230	0.41206897909672413
at27231	0.2262583741855599
at27232	0.33814801392781507
at27233	0.2778416510368268
at27234	0.3605074304655449
at27235	0.30023708271169114
at27236	0.22835057465736644
at27237	0.6545631417820152
at27238	0.2391808062091644
at27239	0.32474912732083683
at27240	0.316438844134221
at27241	0.6288829623903521
at27242	0.4822318240783615
at27243	0.7644116562013115
at27244	0.3232222438379245
at27245	0.5652485428958096
at27246	0.18109262824480069
at27247	0.7094781101566551
at27248	0.5228146698945935
at27249	0.5194431449812574
at27250	0.2611606632723538
at27251	0.13144572790812376
at27252	0.5694987286744447
at27253	0.4031703039184437
at27254	0.7807770750242106
at27255	0.41552290220286714
at27256	0.6964346923347623
at27257	0.509465719528572
at27258	0.21530464793002713
at27259	0.12000607569024191
at27260	0.5154828304582261
at27261	0.37664832425380323
at27262	0.4965170845286054
at27263	0.25663088975795456
at27264	0.6102393326328831
at27265	0.4349365742327789
at27266	0.6501629634089552
at27267	0.7099960725365368
at27268	0.5519478732627537
at27269	0.6391002926872934
at27270	0.23815459176043516
at27271	0.3550244777356495
at27272	0.6600870024955817
at27273	0.8166685624831316
at27274	0.35959303810197096
at27275	0.1639746775400312
at27276	0.7232421635463704
at27277	0.541234183514758
at27278	0.3499997982807538
at27279	0.3200138618359707
at27280	0.5674097134341938
at27281	0.12992449229835654
at27282	0.7343281589314123
at27283	0.5468461349574284
at27284	0.5928230052951616
at27285	0.2086554747460883
at27286	0.22317373608479832
at27287	0.4424611770242865
at27288	0.6682647027132569
at27289	0.39063044680733233
at27290	0.5850767172875202
at27291	0.2492022153204363
at27292	0.48228846494731875
at27293	0.3161131763515514
at27294	0.4926815031780112
at27295	0.2472372068144046
at27296	0.39975583456331254
at27297	0.11076060069217693
at27298	0.4442291083207804
at27299	0.27118344822757007
at27300	0.6734225160796482
at27301	0.7119374777621075
at27302	0.23268763626107944
at27303	0.09656561704381675
at27304	0.4864198412728168
at27305	0.6254728999679877
at27306	0.472253464882633
at27307	0.7279384497931001
at27308	0.7193014085291227
at27309	0.19805775163260567
at27310	0.2845531170720037
at27311	0.16283370895101623
at27312	0.2147844580064376
at27313	0.5345590194064952
at27314	0.3993215548803719
at27315	0.32845937719663915
at27316	0.39748038974393524
at27317	0.5894371678455126
at27318	0.23864621852596563
at27319	0.6700990835957789
at27320	0.5676524838156066
at27321	0.32710257861112346
at27322	0.4899026195075714
at27323	0.5047299219739882
at27324	0.435305222086305
at27325	0.3417017569993681
at27326	0.2618800778479855
at27327	0.49858452577456136
at27328	0.42062030859804295
at27329	0.2570001722619984
at27330	0.3612791377970352
at27331	0.3521763558205127
at27332	0.319451456256162
at27333	0.5942512232007973
at27334	0.38722580218321
at27335	0.7460298305240332
at27336	0.5907031517440238
at27337	0.3897290653841497
at27338	0.45478574482224443
at27339	0.42363851757965504
at27340	0.33320420193268474
at27341	0.43964327499821637
at27342	0.4160799322391008
at27343	0.16323208506662948
at27344	0.4458492099806365
at27345	0.467721994987914
at27346	0.19347638534994
at27347	0.35585144865273755
at27348	0.5651615943209505
at27349	0.5996961701771389
at27350	0.5998758648646929
at27351	0.6609247247401953
at27352	0.291064800177047
at27353	0.5951819143677141
at27354	0.1569174145821996
at27355	0.7297931861584968
at27356	0.46967361320294404
at27357	0.8472483384337646
at27358	0.4134672331690432
at27359	0.6304065135654087
at27360	0.6022335780029493
at27361	0.4153910293460186
at27362	0.2491824339754597
at27363	0.3730680534705288
at27364	0.24609693367058116
at27365	0.4181663354261516
at27366	0.34830846689463374
at27367	0.3485736874681811
at27368	0.5467066246646449
at27369	0.45726733681782195
at27370	0.39428238730947
at27371	0.39050627918760245
at27372	0.8641206111546819
at27373	0.7326387675544895
at27374	0.5432282050779104
at27375	0.15598452546147365
at27376	0.24447250708574034
at27377	0.7330683466014933
at27378	0.2889626837112052
at27379	0.2131451561598958
at27380	0.2887524022398092
at27381	0.2956146819926711
at27382	0.45824492503266057
at27383	0.25938322286327825
at27384	0.6170242090339675
at27385	0.6135785764001073
at27386	0.3791284200013534
at27387	0.5506027558584313
at27388	0.23611263707152053
at27389	0.5334883509243339
at27390	0.44167805401688254
at27391	0.3237878065099944
at27392	0.6761584153230392
at27393	0.26519474847355873
at27394	0.4053044558695169
at27395	0.5816826721154952
at27396	0.25211081961083415
at27397	0.3303597135401029
at27398	0.45016873811665786
at27399	0.4045670726276039
at27400	0.5471691899692157
at27401	0.33572939766250326
at27402	0.6337388786158112
at27403	0.35457179012051215
at27404	0.4172490760123664
at27405	0.46013651074132866
at27406	0.5201582816271565
at27407	0.5018044434085424
at27408	0.2590098540709961
at27409	0.42956008546901664
at27410	0.1943935485822839
at27411	0.588329953985514
at27412	0.49865347551988815
at27413	0.2473949657963985
at27414	0.4821325591758678
at27415	0.12294520044009037
at27416	0.418561823036766
at27417	0.7788864438416427
at27418	0.3013668489469329
at27419	0.44334291071601967
at27420	0.3457339992000883
at27421	0.27637455493596913
at27422	0.3194624512581726
at27423	0.7131884202470202
at27424	0.3491098709763516
at27425	0.48859635328369233
at27426	0.4465439659536164
at27427	0.1280231344911567
at27428	0.3812897905276711
at27429	0.2949682846161853
at27430	0.4741447329374263
at27431	0.6118591518330505
at27432	0.44918620739320975
at27433	0.36607858226484213
at27434	0.5434477091221673
at27435	0.6659335516640241
at27436	0.4032762212866851
at27437	0.5633053160146441
at27438	0.24641476595585696
at27439	0.2177265783765126
at27440	0.17590792527761198
at27441	0.6708019764044869
at27442	0.36646610988332284
at27443	0.5385167769235729
at27444	0.3282133612181176
at27445	0.3693796061179053
at27446	0.33614980770634245
at27447	0.6734983602037293
at27448	0.6244147952421569
at27449	0.1822727274248224
at27450	0.7212649440702754
at27451	0.22039557711648727
at27452	0.5737416655835845
at27453	0.6827849685677458
at27454	0.5997407241803933
at27455	0.3993225708007028
at27456	0.4546297371931395
at27457	0.4683059194185344
at27458	0.832339756344968
at27459	0.47862885599780114
at27460	0.4881825829746864
at27461	0.7295465626045088
at27462	0.41327919995646223
at27463	0.556579042951282
at27464	0.33507812604341747
at27465	0.27021280253046187
at27466	0.5959219911656983
at27467	0.5557985516594193
at27468	0.4227667506827307
at27469	0.4575626559826694
at27470	0.26645577777025226
at27471	0.8007981101653496
at27472	0.31891228963644846
at27473	0.45945663701573697
at27474	0.5825832972724642
at27475	0.5457025090377654
at27476	0.563760385057921
at27477	0.46787055293626945
at27478	0.49153749546919845
at27479	0.626566291927516
at27480	0.6671146227959771
at27481	0.5044775629509197
at27482	0.43765108361695676
at27483	0.6564132151323663
at27484	0.18339610828964711
at27485	0.32982107127250243
at27486	0.459327132683557
at27487	0.7350022629944918
at27488	0.3512349552062073
at27489	0.16993648343746035
at27490	0.41403305732346274
at27491	0.6130597809584328
at27492	0.2706740849306289
at27493	0.6891140691425467
at27494	0.624281137282305
at27495	0.3934111613367467
at27496	0.5212813193475219
at27497	0.653973184243301
at27498	0.6434282786260014
at27499	0.5273012242140446
at27500	0.40164390307719344
at27501	0.4263137310265972
at27502	0.1728188274771539
at27503	0.2576257638104475
at27504	0.48326913530466814
at27505	0.43815957370119707
at27506	0.11375567444805723
at27507	0.34434370520365676
at27508	0.06577163363220294
at27509	0.5836122873946434
at27510	0.3381589862769006
at27511	0.21044095709731162
at27512	0.6387060994701458
at27513	0.6745786739012734
at27514	0.33718932644196975
at27515	0.2685127895738652
at27516	0.4317452423268741
at27517	0.18644980495382285
at27518	0.19264851613166814
at27519	0.38334903225278616
at27520	0.5143552509404592
at27521	0.28094011036350497
at27522	0.13662877586927583
at27523	0.27271033658117333
at27524	0.43106665559508817
at27525	0.26127140355292816
at27526	0.44155798286121184
at27527	0.6664640923824249
at27528	0.6989590970825524
at27529	0.3682374431838077
at27530	0.25277710272466286
at27531	0.45888248237644236
at27532	0.3519620207918431
at27533	0.6880955564816065
at27534	0.5793941186442826
at27535	0.4849010250835672
at27536	0.45480108379696993
at27537	0.3423519652564232
at27538	0.5621384653283971
at27539	0.5644226889295617
at27540	0.5379389744834909
at27541	0.26570101851865163
at27542	0.7954776252454056
at27543	0.22506049422537572
at27544	0.3617771542494608
at27545	0.712284154973747
at27546	0.39415863416173613
at27547	0.35163429281554115
at27548	0.6870292553282897
at27549	0.6340657446906622
at27550	0.2849577986565614
at27551	0.28845446744026876
at27552	0.11629905686545881
at27553	0.6411649010666971
at27554	0.7844214513368325
at27555	0.15582679027396948
at27556	0.24649987927299422
at27557	0.45779713025028923
at27558	0.3763205668955139
at27559	0.8420625306155342
at27560	0.4396954104858985
at27561	0.23066053049236862
at27562	0.7798367424958184
at27563	0.46424756502790576
at27564	0.3669658189487087
at27565	0.277663058887582
at27566	0.4878506268931581
at27567	0.6453487649532981
at27568	0.1805029577862348
at27569	0.1113211492985335
at27570	0.4982976877858073
at27571	0.44685546648275143
at27572	0.3458412665920444
at27573	0.7787580201343368
at27574	0.29364255141104045
at27575	0.3273125325268397
at27576	0.2987044374200926
at27577	0.7620397982007179
at27578	0.5257835343170744
at27579	0.5536178179075137
at27580	0.36321358858003566
at27581	0.39794391957802505
at27582	0.439042930173143
at27583	0.453583354255978
at27584	0.8021997714321815
at27585	0.300047892563545
at27586	0.21995909417950227
at27587	0.4880928929378001
at27588	0.2724624079896491
at27589	0.6456208068532636
at27590	0.4918035455121054
at27591	0.44019201231306604
at27592	0.616599631997174
at27593	0.3333606933974346
at27594	0.25702617190754773
at27595	0.40931343052951236
at27596	0.20523755709873848
at27597	0.7576534107862621
at27598	0.6519024311339672
at27599	0.19709166913120627
at27600	0.7444595843965777
at27601	0.8800524204619049
at27602	0.3267948695863816
at27603	0.2903212255060845
at27604	0.6571395232132636
at27605	0.6965716911999956
at27606	0.7732864230774578
at27607	0.34446586687034714
at27608	0.38568014920832877
at27609	0.36534244427414203
at27610	0.48646109260648596
at27611	0.29262824970374424
at27612	0.18528759503257577
at27613	0.37637085971802353
at27614	0.7394455650316759
at27615	0.2907353752770276
at27616	0.5029470832223135
at27617	0.35615225105566034
at27618	0.21900742750418276
at27619	0.4235841246217383
at27620	0.565062743414892
at27621	0.36737088020711706
at27622	0.16370879690522558
at27623	0.28278963910602256
at27624	0.31186740379222233
at27625	0.32853195678596564
at27626	0.2702269202433009
at27627	0.3964929782669351
at27628	0.41740140940042897
at27629	0.18648442862024137
at27630	0.4008408887539262
at27631	0.5326342568924034
at27632	0.48444828799109646
at27633	0.2451771788233529
at27634	0.5556876755150877
at27635	0.39518071246335873
at27636	0.6287001572547422
at27637	0.3561461769903278
at27638	0.4961958598276652
at27639	0.6119742332755581
at27640	0.5356155533577749
at27641	0.6756384219062791
at27642	0.5972749834758248
at27643	0.46444072894043514
at27644	0.46104765538000314
at27645	0.46047636190238334
at27646	0.26007034308249033
at27647	0.3994487017218656
at27648	0.5410285675593922
at27649	0.280545951373992
at27650	0.6054018947219673
at27651	0.3338357619427238
at27652	0.420911285588392
at27653	0.3887919247487969
at27654	0.4427906591234824
at27655	0.6229899668992742
at27656	0.36551699606203936
at27657	0.693024653577378
at27658	0.27520888680514005
at27659	0.27850318900923143
at27660	0.4955425364393864
at27661	0.5508928742295814
at27662	0.745840000721024
at27663	0.2924573359344378
at27664	0.3447282544138342
at27665	0.4116480199646276
at27666	0.570349138669491
at27667	0.8322964883496171
at27668	0.4859783489178893
at27669	0.5015940943775345
at27670	0.30116501764850107
at27671	0.13103325449252254
at27672	0.7042071042610542
at27673	0.4331681926643199
at27674	0.6649059105969544
at27675	0.6262897763573587
at27676	0.3643758289107793
at27677	0.7265112824708723
at27678	0.46650564079831247
at27679	0.34136608715656763
at27680	0.23661753611479278
at27681	0.29832550347659625
at27682	0.16397121529472242
at27683	0.35205540454253204
at27684	0.34790522895768444
at27685	0.4146463607450382
at27686	0.5117515970185542
at27687	0.4594125132987546
at27688	0.1678905029280493
at27689	0.6517188900000541
at27690	0.6616241939951203
at27691	0.623728483588486
at27692	0.4115062918236247
at27693	0.5200007951722951
at27694	0.17521942195101944
at27695	0.5567485402870137
at27696	0.34530239992715034
at27697	0.6532479142415195
at27698	0.14526897005895187
at27699	0.19207779811203654
at27700	0.4161028006755947
at27701	0.6892107699618684
at27702	0.25456964284347877
at27703	0.45445402462218293
at27704	0.4481832831008151
at27705	0.20725500567343955
at27706	0.32751065677883007
at27707	0.37818285969047966
at27708	0.6492730526783972
at27709	0.4173133754591881
at27710	0.5651037723069401
at27711	0.6579197579470354
at27712	0.21830586533036558
at27713	0.3893659546243914
at27714	0.6208371986902251
at27715	0.5508329784875624
at27716	0.5583311778605006
at27717	0.20022108901487276
at27718	0.20602544919293309
at27719	0.46542761502684116
at27720	0.5947908915861282
at27721	0.2431988056569745
at27722	0.5003800192600849
at27723	0.5395951055902581
at27724	0.10996389003881817
at27725	0.3264413490743883
at27726	0.24529229850539513
at27727	0.6332722661393637
at27728	0.5552642906681393
at27729	0.6996620197210556
at27730	0.3479161121525557
at27731	0.6648671012138008
at27732	0.6045519869054442
at27733	0.7446507214013051
at27734	0.6821066953460466
at27735	0.31402364428909746
at27736	0.21509635768654137
at27737	0.6535456870060423
at27738	0.1359025461422962
at27739	0.6459044413828998
at27740	0.494175442392416
at27741	0.2770440408166653
at27742	0.31621835326573317
at27743	0.29168587423011855
at27744	0.3081338195097586
at27745	0.14865555928916338
at27746	0.6545162562566094
at27747	0.4167422129427657
at27748	0.3348703084475254
at27749	0.5966501327569645
at27750	0.2027512657767275
at27751	0.2456833035516462
at27752	0.35239484241782143
at27753	0.5383153781788284
at27754	0.3225806140103536
at27755	0.28144720146072505
at27756	0.4871537165950135
at27757	0.4285577239182641
at27758	0.832288239325766
at27759	0.6147442293258881
at27760	0.6046923479289702
at27761	0.610158894572059
at27762	0.21512594560429496
at27763	0.3831344274935065
at27764	0.567279947870953
at27765	0.17775403224005018
at27766	0.45646361367299554
at27767	0.6753307985601803
at27768	0.32994822156935655
at27769	0.4265291310880376
at27770	0.1572486106312577
at27771	0.422289112489753
at27772	0.38365218283643177
at27773	0.6678560778361133
at27774	0.6113607204020629
at27775	0.2874753797988255
at27776	0.6011167485427135
at27777	0.474664132711652
at27778	0.5960735503066502
at27779	0.4412160197482786
at27780	0.324095920473019
at27781	0.3900175116646221
at27782	0.6810135115845491
at27783	0.20024929775316763
at27784	0.4569149116162643
at27785	0.6216805068888474
at27786	0.6211392423921
at27787	0.7398319848347982
at27788	0.33002837015155523
at27789	0.5904385762466613
at27790	0.5251162460745367
at27791	0.3645924223681892
at27792	0.5580875501646544
at27793	0.5061443552328738
at27794	0.6757305276341476
at27795	0.40092247790887636
at27796	0.47749154627310897
at27797	0.3157870309339928
at27798	0.5775232402940956
at27799	0.2162018980747312
at27800	0.3389553420897739
at27801	0.16708197769996452
at27802	0.33346638594583794
at27803	0.4154176588714134
at27804	0.4067745777924935
at27805	0.3328858394835929
at27806	0.7068460226614508
at27807	0.620985857173535
at27808	0.3438363674793712
at27809	0.47718122952041675
at27810	0.224495453385074
at27811	0.6988529610503299
at27812	0.39657163650024335
at27813	0.769739649294344
at27814	0.6278946155752305
at27815	0.27945351686156333
at27816	0.3856871270305904
at27817	0.6482504529068656
at27818	0.6923965145167773
at27819	0.24884176619482215
at27820	0.6431706060560325
at27821	0.20697373854160242
at27822	0.16134727060604406
at27823	0.4940081008069368
at27824	0.448293956566964
at27825	0.5048143938216247
at27826	0.3114526875250378
at27827	0.25964368809131505
at27828	0.3709088244504932
at27829	0.28972163299466946
at27830	0.3638776120046755
at27831	0.7152997101462427
at27832	0.540847400898976
at27833	0.6037966890813316
at27834	0.26993040468330315
at27835	0.2868620169612496
at27836	0.6341302009837918
at27837	0.395373890291155
at27838	0.5849640507812899
at27839	0.45514040784893656
at27840	0.5118030771745642
at27841	0.28113074370896723
at27842	0.19823515640418105
at27843	0.4556494341599285
at27844	0.3882313797637766
at27845	0.23200070919952037
at27846	0.44771520149730254
at27847	0.21880977232129337
at27848	0.08451643251301998
at27849	0.0915467478298921
at27850	0.4084586299634165
at27851	0.5913343799131124
at27852	0.8149242658984105
at27853	0.39964615277178767
at27854	0.30644258460746127
at27855	0.4092464371153044
at27856	0.211559155264465
at27857	0.3159071475512202
at27858	0.34820672923608215
at27859	0.6542804790952769
at27860	0.27940093979498903
at27861	0.36977610994270227
at27862	0.20088490662833816
at27863	0.5971202383144898
at27864	0.38066522975091105
at27865	0.29876407113928166
at27866	0.5273373882514562
at27867	0.3354526589535892
at27868	0.21339994133301193
at27869	0.792058010293679
at27870	0.40819680249220275
at27871	0.2000315425338493
at27872	0.4820127462663178
at27873	0.5811958950575523
at27874	0.4741697763585937
at27875	0.7130628505379936
at27876	0.45854392514495257
at27877	0.3233490901873394
at27878	0.6249282146112686
at27879	0.3068394007227215
at27880	0.47652944614190473
at27881	0.4857355503075119
at27882	0.7063761290868013
at27883	0.3645068459337967
at27884	0.5411413662495318
at27885	0.5009066564156157
at27886	0.45003870240822147
at27887	0.3380896659867481
at27888	0.39820675726332405
at27889	0.5469636278336373
at27890	0.3757873118143289
at27891	0.589646839029623
at27892	0.7385158574348123
at27893	0.6673668585052173
at27894	0.7383845982585433
at27895	0.19153162097012694
at27896	0.1537146481698888
at27897	0.20130466977636768
at27898	0.4919948202453152
at27899	0.4829189676511015
at27900	0.4515796341861422
at27901	0.24516724321399228
at27902	0.621710715509823
at27903	0.46738069133890814
at27904	0.29640127963543306
at27905	0.3082086306900162
at27906	0.3093092084009247
at27907	0.6310429685531461
at27908	0.6325586756993107
at27909	0.5447742954175192
at27910	0.42405746142714973
at27911	0.7297034373765737
at27912	0.7290261584369221
at27913	0.2250011346187757
at27914	0.4974914707469677
at27915	0.4322278326773509
at27916	0.5658987849072976
at27917	0.4914332110242163
at27918	0.6071748662923291
at27919	0.45809505570480624
at27920	0.4678499616227727
at27921	0.22000933117274651
at27922	0.21027498974169836
at27923	0.6398592747604838
at27924	0.13104371020140568
at27925	0.5640982638114312
at27926	0.23248052437843197
at27927	0.19290649946859212
at27928	0.29510948957358224
at27929	0.2567142027581026
at27930	0.5735242760702151
at27931	0.5245045928925769
at27932	0.39800473237413714
at27933	0.27424305521147146
at27934	0.1278057332031177
at27935	0.5965737855441456
at27936	0.5454119050946062
at27937	0.41819928812344875
at27938	0.5590266172425906
at27939	0.7532385929083731
at27940	0.468746134824102
at27941	0.7077647619033998
at27942	0.2984098046350281
at27943	0.8225945282065811
at27944	0.5389906146370407
at27945	0.5049877546346746
at27946	0.2880884779293249
at27947	0.4252594962125998
at27948	0.4305259991065818
at27949	0.435552126432567
at27950	0.3493222068788156
at27951	0.713961829269736
at27952	0.2831738331464026
at27953	0.2740615246966116
at27954	0.29420687620602637
at27955	0.21746989224503538
at27956	0.6688955408426398
at27957	0.4766588490137593
at27958	0.3669713393334396
at27959	0.35340944382409745
at27960	0.5804898969796998
at27961	0.1660920964873213
at27962	0.356203587691985
at27963	0.5272955791020356
at27964	0.63894278808986
at27965	0.6880867086636874
at27966	0.6331831406067865
at27967	0.3944824408229946
at27968	0.2877104720836781
at27969	0.38316487163039364
at27970	0.44207430877271453
at27971	0.5124593352745312
at27972	0.5084681224889319
at27973	0.6451828557917001
at27974	0.31807373322260396
at27975	0.37959620829916396
at27976	0.30127480749596497
at27977	0.25662370422186753
at27978	0.5212776854214056
at27979	0.1987820388324583
at27980	0.4292215065507606
at27981	0.23017316748208572
at27982	0.24029786751085677
at27983	0.25151783076015943
at27984	0.4279274180877829
at27985	0.26721596078419774
at27986	0.5028847008170726
at27987	0.572761460170395
at27988	0.4050421849376923
at27989	0.6573587841980579
at27990	0.4787921446868492
at27991	0.2725488468503138
at27992	0.07969385725814004
at27993	0.35476309907367204
at27994	0.5909478568203744
at27995	0.14681937059827016
at27996	0.4511483343684028
at27997	0.36819482045131513
at27998	0.7078691136981481
at27999	0.6105823907843492
at28000	0.3486988097266435
at28001	0.24997380201091798
at28002	0.3449761413204244
at28003	0.33947005951518555
at28004	0.33199346798464396
at28005	0.49417638867803454
at28006	0.6570358983663444
at28007	0.537048900835845
at28008	0.4667578834342766
at28009	0.27593834509566484
at28010	0.4950823406856482
at28011	0.31151729385064947
at28012	0.39474055932502733
at28013	0.4766648398358199
at28014	0.11757323571253829
at28015	0.29480647275449906
at28016	0.6030947863721481
at28017	0.7926935569862794
at28018	0.5107737180714841
at28019	0.348279285036438
at28020	0.46992622244809984
at28021	0.4677780045505165
at28022	0.6489487378593343
at28023	0.5990967244241036
at28024	0.4529218634194747
at28025	0.515006698125012
at28026	0.3298705678144903
at28027	0.4216731319144611
at28028	0.13168945738365587
at28029	0.6377403648486146
at28030	0.5399810265547448
at28031	0.807051444513724
at28032	0.3838006442355852
